[{"name":"Ömer Yücel22","email":"stvgomeryucel@gmail.com","phone":"05522289703","id":4,"status":"active","gender":"male","createdAt":"2025-06-17T21:00:23.364Z","updatedAt":"2025-06-17T21:00:31.738Z"},{"name":"selin","email":"stvgomeryucel@gmail.com","phone":"05522289703","gender":"female","status":"active","createdAt":"2025-06-18T21:00:23.364Z","updatedAt":"2025-06-18T21:00:23.364Z","id":5},{"name":"Ömer Yücel22","email":"stvgomeryucel@gmail.com","phone":"05522289703","gender":"male","status":"passive","id":6,"createdAt":"2025-06-16T21:00:23.364Z","updatedAt":"2025-06-16T21:25:58.441Z"},{"name":"Ömer Yücel","email":"stvgomeryucel@gmail.com","phone":"05522289703","gender":"female","createdAt":"2025-06-19T17:42:37.430Z","updatedAt":"2025-06-19T17:42:37.430Z","id":7}]