[{"id":0,"name":"defective","description":"defective","price":100,"category":"electronics","stock":100,"totalSold":0,"createdAt":"2021-01-01","updatedAt":"2021-01-01"},{"id":1,"name":"tests","description":"tests","price":100,"category":"electronics","stock":100,"totalSold":0,"createdAt":"2021-01-01","updatedAt":"2021-01-01"},{"id":2,"name":"stringer","description":"stringer","price":100,"category":"electronics","stock":100,"totalSold":0,"createdAt":"2021-01-01","updatedAt":"2021-01-01"},{"name":"Test","price":100,"category":"clothing","stock":1,"totalSold":0,"createdAt":"2025-06-19T18:32:37.309Z","updatedAt":"2025-06-19T18:32:37.309Z","id":3}]